Gadus S2 V220 0 180K ; 0 ; tambor
TOTAL QUARTZ INEO MC3 5W30, 208L CL ; 1163750 ; tambor
ACEITE CHEVRON HYDRAULIC OIL  AW 68, 208LTS ; 355000 ; tambor
Aceite LUBRAX HYDRA 46 T.208L ; 355000 ; tambor
Aceite LUBRAX HYDRA 68 T.208L ; 355000 ; tambor
Aceite LUBRAX HYDRA XP 46 T.208L ; 427397 ; tambor
Aceite LUBRAX HYDRA XP 68 T.208L ; 434034 ; tambor
Aceite LUBRAX TURBINA PLUS 32 T.208L ; 464722 ; tambor
Aceite LUBRAX GEAR 68 T.208L ; 471295 ; tambor
Aceite LUBRAX GEAR 100 T.208L ; 478386 ; tambor
Aceite LUBRAX HYDRA 32 T.208L ; 478492 ; tambor
Aceite LUBRAX HYDRA XP 32 T.208L ; 478492 ; tambor
Aceite LUBRAX UTILE OT 46 T.208L ; 486550 ; tambor
Aceite LUBRAX TURBINA PLUS 46 T.208L ; 489311 ; tambor
ACEITE CHV RANDO HD ISO 46 T.208L ; 745393 ; tambor
Aceite LUBRAX TURBINA PLUS 68 T.208L ; 496362 ; tambor
ACEITE CHV RANDO HD ISO 68 T.208L ; 745393 ; tambor
Aceite LUBRAX TURBO 10W T.208L ; 499749 ; tambor
ACEITE CHV DELO GOLDULTRA NAC 15W/40 T.208 ; 768798 ; tambor
Aceite LUBRAX TURBINA PLUS 100 T.208L ; 503406 ; tambor
ACEITE CHV DELO 400 SDE NAC 15W/40 T.208 ; 737989 ; tambor
Aceite LUBRAX GEAR 150 T.208L ; 508797 ; tambor
ACEITE CHV TRACTOR FLUID T.208L ; 834608 ; tambor
Aceite LUBRAX ESS. SL 10W/30 T.208L ; 509626 ; tambor
ACEITE CHV 1000 THF T.208L ; 844457 ; tambor
Aceite LUBRAX HYDRA HV 32 T.208L ; 510660 ; tambor
ACEITE CHV ATF MD-3 T.208L ; 855341 ; tambor
Aceite LUBRAX TURBO 20W T.208L ; 517352 ; tambor
ACEITE CHV URSA HD AK 25W/50 T.208L ; 857758 ; tambor
Aceite LUBRAX HYDRA HV 46 T.208L ; 519999 ; tambor
ACEITE CHV URSA SUPPLUS EC 15W/40 T.208L ; 880066 ; tambor
Aceite LUBRAX GEAR 220 T.208L ; 535648 ; tambor
ACEITE CHV DELO TORQFORCE 10W T.208L ; 932954 ; tambor
Aceite LUBRAX GRANS THF T.208L ; 538780 ; tambor
GRASA CHV MULTIFAK EP 2 T.181,4KG ; 1092518 ; tambor
Aceite LUBRAX HYDRA HV 68 T.208L ; 547684 ; tambor
ACEITE CHV HAV FULL SYN 5W/30 T.208L ; 1288255 ; tambor
Aceite LUBRAX GEAR 320 T.208L ; 548451 ; tambor
GRASA CHV DELO ESI HD MOLY 5%EP2 T.181,4 ; 1884708 ; tambor
Aceite LUBRAX TURBO 30 T.208L ; 551298 ; tambor
Aceite LUBRAX UTILE FP 100 T.208L ; 552500 ; tambor
Aceite LUBRAX TRM-4 80W T.208L ; 560717 ; tambor
Aceite LUBRAX GRANS TAC-4 10W T.208L ; 561764 ; tambor
Aceite LUBRAX EXTRA TURBO 15W/40 T.208L ; 572092 ; tambor
Aceite LUBRAX TOP TURBO 15W/40 T.208L ; 574578 ; tambor
Aceite LUBRAX EXTRA TURBO 20W/50 T.208L ; 577000 ; tambor
Aceite LUBRAX TURBO 40 T.208L ; 575288 ; tambor
Aceite LUBRAX UNITRACTOR T.208L ; 575908 ; tambor
Aceite LUBRAX UTILE FP 150 T.208L ; 576005 ; tambor
Aceite LUBRAX ESSENCIAL 4T T.208L ; 586273 ; tambor
Aceite LUBRAX ESSENCIAL SL 20W/50 T208L ; 586273 ; tambor
Aceite LUBRAX ESSENCIAL SF 40 T.208L ; 597375 ; tambor
Aceite LUBRAX GL-5 80W/90 T.208L ; 601938 ; tambor
Aceite LUBRAX ESSENCIAL SL 15W/40 T208L ; 604947 ; tambor
Aceite LUBRAX TURBO 50 T.208L ; 606848 ; tambor
Aceite LUBRAX GRANS TAC-4 30 T.208L ; 611738 ; tambor
Aceite LUBRAX TURBO VIG. 25W/60 T.208L ; 614382 ; tambor
Aceite LUBRAX GRANS TAC-4 50 T.208L ; 632508 ; tambor
Aceite LUBRAX ADVENTO 15W/40 T.208L ; 657970 ; tambor
ACEITE LUBRAX GEAR 460 T.208L ; 659747 ; tambor
Aceite LUBRAX GL-5 85W/140 T.208L ; 668803 ; tambor
ACEITE LUBRAX TOP TURBO PRO 15W/40 T.208 ; 682817 ; tambor
Aceite LUBRAX GL-5 LS 80W/90 T.208L ; 682363 ; tambor
Aceite LUBRAX TECNO 10W/40 T.208L ; 691435 ; tambor
ACEITE LUBRAX EXTREMO HD 10W/40 T.208L ; 691660 ; tambor
Aceite LUBRAX UTILE PE T.208L ; 708470 ; tambor
Aceite LUBRAX TRM-5 90 T.208L ; 715304 ; tambor
ACEITE ESMAX SYNTHETIC C3 5W/30 T.208L ; 781791 ; tambor
Aceite LUBRAX VALORA 5W/30 T208L ; 1017033 ; tambor
Aceite LUBRAX GOLD 75W/90 T.200L ; 1674943 ; tambor
SHELL Tellus S2 VX 46 208,1L ; 889315 ; tambor
Tellus S2 VX 68 208,1L ; 889315 ; tambor
Tellus S2 VX 32 208,1L ; 1101057 ; tambor
Tellus S2 VX 100  208,1L ; 1101057 ; tambor
Adblue FLUA soluc. T.208L ; 195000 ; tambor
Refrig. p/rad. LUBRAX PC-2 L. T.208L ; 489212 ; tambor
Refrig. p/rad. LUBRAX HD-2 L. T.208L ; 511298 ; tambor
Refrig. p/rad. LUBRAX HD-6 L. T.208L ; 532884 ; tambor
Grasa LUBRAX AUTOLITH 2 T.181kg ; 688082 ; tambor
Grasa LUBRAX LITH EP 2 T.181kg ; 752669 ; tambor
Grasa LUBRAX LITHPLUS EP 2 T.170kg ; 1035721 ; tambor
Grasa LUBRAX LITH SM 2 T.170kg ; 1097594 ; tambor
Aceite LUBRAX ATF TDX T.208L ; 568910 ; tambor
AGUA DESMINERALIZADA, 200LT ; 88303 ; tambor
MOBIL NUTO H 32, 208LT ; 385000 ; tambor
MOBIL NUTO H 68, 208LT ; 385000 ; tambor
MOBIL NUTO H 100, 208LT ; 385000 ; tambor
MOBIL NUTO H 46, 208LT ; 385000 ; tambor
MOBIL GS-333 EXTRA 33%, 208LT ; 408602 ; tambor
MOBIL MINING COOLANT 33%, 208LT ; 434879 ; tambor
MOBIL PERMAZONE 50%, 208LT ; 437922 ; tambor
SOVASPRAY ULTRA, 208LT ; 459183 ; tambor
FAXAM 22, 208LT ; 462463 ; tambor
BIO CHAIN 32, 200LT ; 485293 ; tambor
BIO CHAIN OIL 46, TAMBOR 200 LTS ; 487529 ; tambor
BIO CHAIN PLUS 100, 200LT ; 492305 ; tambor
MOBIL MOTOR OIL 50, 208LT (REAC) ; 493531 ; tambor
MOBIL HD 50, 208LT ; 493531 ; tambor
MOBIL HD 40, 208LT ; 500684 ; tambor
BIO CHAIN SAW OIL 68, 200LT ; 513580 ; tambor
MOBIL DELVAC MX 15W-40, 208LT ; 525000 ; tambor
MOBIL GS 333 PLUS 33%, 208LT ; 525668 ; tambor
MOBIL DELVAC SUPER 1200 F2 15W-40, 208LT ; 527500 ; tambor
MOBIL DELVAC SUPER 20W-50, 208LT ; 552200 ; tambor
MOBIL SPECIAL 2T, 208LT ; 535800 ; tambor
MOBIL DTE 27, 208LT ; 540451 ; tambor
MOBIL GS-333 EXTRA 50%, 208LT ; 541065 ; tambor
MOBIL MINING COOLANT 50%, 208LT ; 545273 ; tambor
MOBIL HEAVY DUTY SCA PRECHARGED 50%,208L ; 545273 ; tambor
FLEET CHARGE 50% 1400 PPM, 208LT ; 545273 ; tambor
MOBILFLUID 424, 208LT ; 570601 ; tambor
MOBILUBE HD PLUS 80W-90, 208LT ; 572610 ; tambor
MOBILGARD 312, 208LT ; 576181 ; tambor
MOBILGARD 412, 208LT ; 576181 ; tambor
DESMOLDANTE N° 6, 208LT ; 581105 ; tambor
CHAIN TACKING LUBE, 208LT ; 583784 ; tambor
MOBIL ATF 200, 208LT ; 584759 ; tambor
EXFC DRILL BAR OIL 100,208LT ; 590913 ; tambor
MOBIL DTE 25 Ultra, 208LT ; 592963 ; tambor
MOBILGARD 540, 208LT ; 594106 ; tambor
MOBIL DELVAC 1240, 208LT ; 594479 ; tambor
MOBIL DTE 26 Ultra, 208LT ; 594992 ; tambor
MOBIL PERMAZONE, 208LT ; 595478 ; tambor
MOBIL ATF 220, 208LT ; 597513 ; tambor
MOBIL SPECIAL 20W-50, 208LT ; 597700 ; tambor
MOBIL GS-333 PLUS 40%, 208LT ; 603827 ; tambor
MOBIL RARUS 427, 208LT ; 605183 ; tambor
MOBILENE FLUSHING OIL, 208LT ; 613050 ; tambor
EXFC Flushing Oil, 208L ; 613050 ; tambor
MOBIL HYDRAULIC 10W, 208LT ; 615738 ; tambor
MOBILTHERM 605, 208LT ; 617173 ; tambor
MOBIL GS-333 PLUS 50%, 208LT ; 617462 ; tambor
MOBIL SPECIAL 10W-40, 208LT ; 612000 ; tambor
MOBIL DTE 24 ULTRA, 208 LT ; 622479 ; tambor
SPARTAN EP 150, 208LT ; 622936 ; tambor
MOBIL RARUS 425, 208LT ; 623423 ; tambor
MOBIL SUPER 2T, 208LT ; 629193 ; tambor
DESENGRASANTE BIODEGRADABLE, 208LT ; 629265 ; tambor
MOBILUBE HD PLUS 85W-140, 208LT ; 630939 ; tambor
MOBILTRANS HD 10W, 208LT ; 632987 ; tambor
MOBIL SPARTAN EP 220, 208LT ; 643558 ; tambor
Mobil SPARTAN EP 320, 208LT ; 643558 ; tambor
MOBIL ANTIFREEZE EXTRA 40%, 208LT ; 650419 ; tambor
UNIVIS N 68, 208LT ; 650444 ; tambor
NG CYLINDER OIL 50, 208LT ; 653655 ; tambor
MOBIL DTE 27 Ultra, 208LT ; 656280 ; tambor
SPARTAN EP 460, 208LT ; 659338 ; tambor
MOBIL UNIVIS N 46, 208LT ; 665356 ; tambor
MOBIL DELVAC 1330, 208LT ; 667022 ; tambor
MOBIL DELVAC 1340, 208LT ; 620000 ; tambor
MOBIL DELVAC 1350, 208LT ; 667330 ; tambor
UNIVIS N 32, 208LT ; 668589 ; tambor
MOBILFLUID 499, 208LT ; 669403 ; tambor
MOBIL DELVAC 1630, 208LT ; 670347 ; tambor
MOBIL DELVAC 1640, 208LT ; 670347 ; tambor
MOBIL ALMO 527, 208LT ; 673161 ; tambor
MOBIL ALMO 529, 208LT ; 673161 ; tambor
MOBIL ALMO 532, 208LT ; 673161 ; tambor
MOBIL ALMO 525, 208LT ; 673161 ; tambor
MOBIL ALMO 530, 208LT ; 673161 ; tambor
MOBILTRANS HD 30, 208LT ; 675048 ; tambor
MOBIL DELVAC ELC 33%, 208LT ; 676091 ; tambor
MOBIL DELVAC 25W-50, 208LT ; 676883 ; tambor
MOBILMET 426, 208 LT ; 679182 ; tambor
MOBILUBE XFD 50, 208LT ; 680209 ; tambor
MOBIL SUPER 1000 20W-50,208L ; 681725 ; tambor
MOBILTRANS HD 50, 208LT ; 683824 ; tambor
EXFC DRILL OIL 320, 208LT ; 686387 ; tambor
MOBILUBE XFD 60, 208LT ; 687001 ; tambor
EXFC DRILL OIL 100, 208LT ; 690308 ; tambor
MOBILUBE GX-A 80W, 208LT ; 696903 ; tambor
MOBILUBE GX 80W-90, 208LT ; 697612 ; tambor
MOBILGARD M330, 208lt ; 699377 ; tambor
MOBIL DELVAC 1300 SUPER 15W-40, 208LT ; 704688 ; tambor
MOBILGARD M440, 208LT ; 707618 ; tambor
MOBIL SUPER 4T 20W-50, 208LT ; 710663 ; tambor
MOBIL SUPER EXTENDED LIFE 50/50, 208LT ; 713170 ; tambor
BIO CHAIN SAW OIL 22, 200LT ; 714005 ; tambor
MOBILGEAR 600 XP 68, 208LT ; 715515 ; tambor
MOBIL DELVAC MODERN 15W-40 APM, 208LT ; 720408 ; tambor
MOBIL FLEET 15W-40, 208LT ; 720497 ; tambor
MOBILECT 39, 210LT ; 735000 ; tambor
MOBILGEAR 600 XP 150, 208LT ; 725859 ; tambor
MOBILGEAR XMP 150, 208LT ; 725859 ; tambor
MOBILGEAR 600 XP 100, 208LT ; 731502 ; tambor
MOBILGARD 450 NC, 208LT ; 732082 ; tambor
MOBILGARD M430, 208LT ; 732082 ; tambor
MOBIL VACTRA OIL N° 2, 208LT ; 734085 ; tambor
MOBIL VACTRA OIL N° 4, 208LT ; 734085 ; tambor
MOBILGARD ADL 30, 208LT ; 744016 ; tambor
MOBILGARD ADL 40, 208LT ; 744016 ; tambor
MOBILGEAR 600 XP 220, 208LT ; 745012 ; tambor
MOBILGEAR XMP 220, 208LT ; 745012 ; tambor
M. EXTRA HECLA SUP CYLIN OIL MINE, 208LT ; 748143 ; tambor
MOBIL PEGASUS 710, 208LT ; 751520 ; tambor
MOBILGEAR 600 XP 320, 208LT ; 752672 ; tambor
MOBILGEAR XMP 320, 208LT ; 752672 ; tambor
TERESSTIC 46, 208LT ; 755455 ; tambor
TERESSTIC 68, 208LT ; 755455 ; tambor
TERESSTIC 100, 208LT ; 755455 ; tambor
TERESSTIC 32, 208LT ; 755455 ; tambor
MOBIL DTE OIL LIGHT, 208LT ; 756515 ; tambor
MOBIL DTE OIL HEAVY MEDIUM, 208LT ; 756490 ; tambor
MOBIL DTE OIL MEDIUM, 208LT ; 767638 ; tambor
MOBILGEAR 600 XP 460, 208LT ; 768921 ; tambor
MOBILGEAR XMP 460, 208LT ; 768921 ; tambor
MOBILGREASE MP, 181KG ; 774017 ; tambor
MOBIL PEGASUS 1005, 208LT ; 775271 ; tambor
MOBILMET 427, 208 LT ; 779219 ; tambor
NAPREX 38, 208LT ; 779494 ; tambor
MOBIL 600W CYLINDER OIL, 208LT ; 790281 ; tambor
MOBIL PEGASUS 701 , 208LT ; 788539 ; tambor
MOBILTRANS HD 60, 208LT ; 795422 ; tambor
MOBIL DTE OIL BB, 208LT ; 796974 ; tambor
MOBIL ANTIFREEZE ULTRA 50%, 208LT ; 799959 ; tambor
EXFC-5069, 191KG ; 800094 ; tambor
MOBIL DTE 10 EXCEL 150, 208LT ; 803440 ; tambor
MOBIL DTE OIL HEAVY, 208LT ; 805007 ; tambor
MOBIL GS-333 EXTRA 100%, 208LT ; 808011 ; tambor
MOBIL DELVAC EXTENDED LIFE C 50%, 208LT ; 809858 ; tambor
MARCOL N 82, 212LT ; 895490 ; tambor
MOBILUX EP 2, 181KG ; 824028 ; tambor
MOBILUX EP 023, 181KG ; 824562 ; tambor
EXFC DUST STOP RS, 200 KILOS ; 824966 ; tambor
MOBIL DTE OIL EXTRA HEAVY, 208LT ; 827875 ; tambor
MOBILUX EP 0, 165KG ; 833013 ; tambor
MOBILGEAR 600 XP 680, 208LT ; 837547 ; tambor
MOBILUX EP 1, 181KG ; 850189 ; tambor
NOX CARE 40, 1000 LT ; 857000 ; tambor
MOBIL PEGASUS 605 ULTRA 40, 208LT ; 862270 ; tambor
MOBIL SUPER 1000 10W-30, 208LT ; 862526 ; tambor
MOBIL DTE 10 EXCEL 100, 208LT ; 863269 ; tambor
MOBIL SUPER 1000 X3 15W40,208L ; 865890 ; tambor
MOBIL SUPER 2000 FORMULA P 10W-40,208L ; 874125 ; tambor
MOBIL SUPER 2000 10W-40, 208L ; 874125 ; tambor
MOBILUBE HD-A 85W-90, 208LT ; 875938 ; tambor
MOBIL DTE 10 EXCEL 68, 208LT ; 905220 ; tambor
MOBIL DTE 10 EXCEL 32, 208LT ; 851972 ; tambor
BIO CHAIN INDUSTRY 68, 208LT ; 912090 ; tambor
MOBIL DELVAC ELITE 15W-40, 208LT ; 924440 ; tambor
MOBILUBE LS 85W-90, 208LT ; 926011 ; tambor
MOBIL GEO 15W-40, 208LT ; 927542 ; tambor
MOBIL MINING COOLANT 100%, 208LT ; 937207 ; tambor
MOBIL DTE 746, 208LT ; 958644 ; tambor
MOBIL ATF D/M, 208LT ; 962953 ; tambor
MOBIL DELVAC EXTREME 10W-30, 208LT ; 983459 ; tambor
MOBIL DELVAC EXTREME 15W-40, 208LT ; 983459 ; tambor
MOBIL DTE 10 EXCEL 46, 208LT ; 986092 ; tambor
MOBIL VACUOLINE 525, 208LT ; 992480 ; tambor
MOBIL VACUOLINE 546, 208LT ; 992480 ; tambor
MOBIL VACUOLINE 537, 208LT ; 992480 ; tambor
MOBILGREASE XHP 221, 181KG ; 993393 ; tambor
SOLVAC 1535 G, 208LT ; 994326 ; tambor
MOBIL DELVAC XHP ESP S 10W-40, 208LT. ; 1020282 ; tambor
GARGOYLE ARCTIC 300, 208LT ; 1022491 ; tambor
MOBILGEAR XMP 680, 208LT ; 1037256 ; tambor
MOBILGREASE XHP 222, 181KG ; 1042722 ; tambor
MOBILUBE HD LS 80W-90, 208LT ; 1053038 ; tambor
MOBIL DTE 10 EXCEL 15, 208LT ; 1065410 ; tambor
MOBIL BRAKE FLUID DOT-4, 199LT ; 1070708 ; tambor
MOBIL DTE 732, 208LT ; 1132785 ; tambor
EXFC-5074, 208LT ; 1154975 ; tambor
MOBILUBE LS 85W-140, 208 LT ; 1157897 ; tambor
MOBILGREASE SPECIAL, 181KG ; 1158341 ; tambor
MOBIL SUPER 3000 5W-30, 208LT ; 1174717 ; tambor
MOBIL SUPER 3000 XE 5W-30, 208LT ; 1174717 ; tambor
MOBIL OUTBOARD PLUS, 208LT ; 1225827 ; tambor
MOBILGREASE HTS, 181KG ; 1283526 ; tambor
MOBIL DTE 846, 208LT ; 1301033 ; tambor
MOBILARMA 524, 208LT ; 1337168 ; tambor
MOBIL EXTRA 4T  10W-40, 208LT ; 1340992 ; tambor
MOBIL SUPER 3000 X2 5W-40, 208LT ; 1372239 ; tambor
GARGOYLE ARCTIC SHC 224, 208LT ; 1381485 ; tambor
MOBILGREASE XHP 462 MOLY, 181KG ; 1387646 ; tambor
MOBILTRANS AST, 208LT ; 1471662 ; tambor
MOBILARMA 798, 167KG ; 1529271 ; tambor
MOBIL MULTI-VEHICLE ATF, 208LT ; 1539198 ; tambor
MOBIL UNIREX N 2, 180KG ; 1779464 ; tambor
MOBILGREASE CM-P, 181KG ; 1565788 ; tambor
MOBIL SUPER 3000 FORMULA P 0W-30, 208LT ; 1578482 ; tambor
MAGNOLIA DRILL COMPOUND, 181KG ; 1585398 ; tambor
MOBILGREASE XHP 322 MINE, 181KG ; 1648175 ; tambor
MOBILGREASE XHP 320 MINE, 181KG ; 1648175 ; tambor
MOBILGREASE XHP 321 MINE, 181KG ; 1648175 ; tambor
MOBIL NYVAC FR 200 D, 208LT ; 1695113 ; tambor
MOBIL SHC 524, 208LT ; 1706059 ; tambor
MOBIL DTE 832, 208LT ; 1730568 ; tambor
MOBIL ZERICE S-100, 208LT ; 1750199 ; tambor
MOBIL 1 ESP 5W-30, 208LT ; 1758418 ; tambor
MOBIL SUPER 3000 FORMULA VC 0W-20, 208LT ; 1845085 ; tambor
MOBILGREASE XHP 681 MINE, 181KG ; 1871876 ; tambor
MOBIL SHC 624, 208LT ; 1914062 ; tambor
GARGOYLE ARCTIC SHC 226, 208LT ; 1924269 ; tambor
MOBIL 1 0W-20, 208LT ; 1930048 ; tambor
MOBIL SHC 525, 208LT ; 1939557 ; tambor
DELVAC SYNTHETIC GEAR OIL 80W-140, 196LT ; 1955388 ; tambor
MOBILGEAR XMP 220, 208LT ; 1965344 ; tambor
MOBIL ATF 3309, 208LT ; 1972623 ; tambor
MOBIL DELVAC 1 ATF, 208LT ; 1977271 ; tambor
MOBIL DELVAC 1 ESP 5W-40, 208LT ; 2025829 ; tambor
MOBIL SHC 526, 208LT ; 2075375 ; tambor
MOBIL DELVAC 1 GEAR OIL 80W-140, 196LT ; 2092264 ; tambor
MOBIL SHC 627, 208LT ; 2151602 ; tambor
MOBIL SHC 626, 208LT ; 2156727 ; tambor
MOBIL DELVAC 1 GEAR OIL 75W-90, 198LT ; 2169053 ; tambor
MOBIL 1 5W-30, 208LT ; 2193688 ; tambor
MOBIL 1 5W-20, 208LT ; 2193688 ; tambor
MOBIL DELVAC 1 5W-40, 208LT ; 2208138 ; tambor
MOBIL 1 FS X2 5W-50, 208LT ; 2220284 ; tambor
MOBIL 1 FS 0W-40, 208LT ; 2222025 ; tambor
MOBIL POLYREX EP 2, 181KG ; 2227994 ; tambor
MOBIL EAL 224 H, 208LT ; 2333173 ; tambor
GAS COMPRESSOR OIL, 208LT ; 2388942 ; tambor
MOBIL SHC GEAR 220, 208LT ; 2395245 ; tambor
MOBIL SHC GEAR 320, 208LT ; 2395245 ; tambor
MOBIL 1 SYNTHETIC ATF, 208LT ; 2418843 ; tambor
MOBIL SHC GEAR 150, 208LT ; 2444121 ; tambor
MOBIL SHC GEAR 460, 208LT ; 2444121 ; tambor
MOBILTAC 275 NC, 181KG ; 2478324 ; tambor
MOBIL RARUS 829,208LT ; 2536611 ; tambor
MOBIL RARUS 827, 208LT ; 2547218 ; tambor
MOBIL SHC 629, 208LT ; 2590991 ; tambor
Mobil Centaur Moly 2, 180kg ; 2593781 ; tambor
MOBIL SHC GEAR 1500, 208LT ; 2600113 ; tambor
MOBIL SHC GEAR 3200, 208LT ; 2600113 ; tambor
MOBILGREASE FM 222, 180KG ; 2632917 ; tambor
MOBIL SHC RARUS 46, 208LT ; 2646106 ; tambor
MOBIL SHC RARUS 68, 208LT ; 2646106 ; tambor
MOBIL RARUS 824, 208LT ; 2657059 ; tambor
MOBIL SHC 630, 208LT ; 2704126 ; tambor
PYROLUBE 830, 208LT ; 2713828 ; tambor
MOBIL SHC RARUS 32, 208LT ; 2756138 ; tambor
PETRO PLATE M5/800 NLGI 2, 181KG ; 2782892 ; tambor
MOBILITH SHC 460, 174KG ; 2787116 ; tambor
MOBIL AERO HF, 208LT ; 2788033 ; tambor
MOBIL DELVAC 1 TRANS FLUID 50, 198LT ; 2840890 ; tambor
MOBILGEAR SHC XMP 460, 208LT ; 2850112 ; tambor
MOBILITH SHC 007, 163KG ; 2858103 ; tambor
MOBILGEAR SHC XMP 320, 208LT ; 2866912 ; tambor
MOBIL SHC 634, 208LT ; 2915791 ; tambor
MOBILTAC 375 NC, 181KG ; 2922536 ; tambor
PETROTAC EP COMPOUND 30, 181KG ; 2924246 ; tambor
MOBILITH SHC 220, 174KG ; 2933805 ; tambor
MOBILITH SHC 1500, 174KG ; 2933805 ; tambor
MOBILITH SHC PM 460, 174KG ; 2933805 ; tambor
PETROTAC EP COMPOUND 20, 181KG ; 2934959 ; tambor
MOBILTAC 325 NC, 181KG ; 2938928 ; tambor
MOBILUBE 1 SHC 75W-90, 208 LT ; 2941180 ; tambor
MOBIL SHC 639, 208LT ; 2962497 ; tambor
MOBIL SHC 636, 208LT ; 3000972 ; tambor
PETRO PLATE M5/800 NLGI 0, 181KG ; 3092553 ; tambor
PETRO PLATE M5/800 NLGI 1, 181KG ; 3092553 ; tambor
PETRO PLATE M5/800 NLGI 00, 181KG ; 3092553 ; tambor
MOBIL GLYGOYLE 22, 208LT ; 3092776 ; tambor
MOBIL GLYGOYLE 30, 208LT ; 3092776 ; tambor
MOBIL GLYGOYLE 460, 208LT ; 3092776 ; tambor
MOBIL SHC 632, 208LT ; 3202250 ; tambor
MOBIL SHC GEAR 680, 208LT ; 3238380 ; tambor
MOBIL DELVAC 1 TRANS FL 75W-80, 208LT ; 3247516 ; tambor
MOBIL JET OIL 254, 208LT ; 3421688 ; tambor
MOBILGEAR OGL 007, 180KG ; 3611206 ; tambor
MOBIL JET OIL II, 208LT ; 3648922 ; tambor
MOBILITH SHC 1000 SPECIAL, 181KG ; 3690921 ; tambor
PETRON GEAR SHIELD SYNTHETIC, 181KG ; 3789241 ; tambor
MOBIL PYROTEC HFD 46B, 230KG ; 4017644 ; tambor
MOBIL SYSTEM CLEANER, 208LT ; 4030553 ; tambor
MOBIL DELVAC 1 TRANS FL MBT 75W-90, 208LT ; 4222923 ; tambor
MOBIL SHC CIBUS 46, 208 LT ; 4245745 ; tambor
MOBIL SHC CIBUS 220, 208LT ; 4487584 ; tambor
PYROGARD 53, 208LT ; 4731709 ; tambor
MOBILGREASE HTS, 816KG ; 6299730 ; tambor
SHC POLYREX EM 103, 208LT ; 0 ; tambor
MOLYPAC LTDA DC 561 208 LT ; 0 ; tambor
Rimula R3 Turbo 15W40 209L ; 0 ; tambor
AdBlue by Krynex 208L ; 271752 ; tambor
AdBlue by BASF TB 208L ; 301782 ; tambor
Hydraulic S1 M 68  208,1L ; 527534 ; tambor
Hydraulic S1 M 46 208,1L ; 527534 ; tambor
Hydraulic S1 M 68 209L ; 529815 ; tambor
Krynex K2 Extra 50% 208L ; 582712 ; tambor
Krynex Catenam 200L ; 603200 ; tambor
Rimula R3 MV 15W40 CI4 208,1L ; 603490 ; tambor
Rimula R2 30 (CF/10TBN)/Tambor ; 619462 ; tambor
Rimula R2 40 (CF/10TBN)/Tambor ; 619462 ; tambor
Rimula R2 50 (CF/10TBN)/Tambor ; 619462 ; tambor
Rimula R2 Extra 20W50 209L ; 650434 ; tambor
Tellus S2 MX 46 208,1L ; 686455 ; tambor
Rimula R2 10W/Tambor 209 Lts ; 700620 ; tambor
Rimula R4 X 15W-40 209L ; 716269 ; tambor
Tellus S2 MX 68 208,1L ; 732304 ; tambor
Helix HX3 40 SLCF 209LT ; 788975 ; tambor
Tellus S2 MX 100 208,1L ; 795983 ; tambor
Omala S2 G 68 209L ; 825132 ; tambor
Tellus S2 MX 32 208,1L ; 827822 ; tambor
Tellus S2 MX 22 208,1L ; 827822 ; tambor
Omala S2 G 150 209L ; 831716 ; tambor
Omala S2 G 220 209L ; 860244 ; tambor
Shell Omala S2 G 320 209L ; 860244 ; tambor
Omala S2 G 460 209L ; 860244 ; tambor
Rimula R3 L 15W40 209L ; 861629 ; tambor
Rimula R4 L 15W-40 209L ; 908628 ; tambor
Omala S2 G 100 209L ; 850000 ; tambor
Spirax S4 TXM 208,1L ; 924952 ; tambor
Spirax S2 A 80W-90 208,1L ; 936034 ; tambor
MELINA S 30 208,1L ; 936034 ; tambor
Spirax S2 A 85W-140 209L ; 940082 ; tambor
Spirax S2 A 80W-90 209L ; 940082 ; tambor
Caprinus XR 40 208,1L ; 957676 ; tambor
Gadus S2 V220 2 180K ; 975015 ; tambor
Spirax S2 G 80W 209L ; 976762 ; tambor
Air Tool Oil S2 A 100 208,1L ; 982960 ; tambor
Omala S2 G 680 209L ; 995676 ; tambor
Heat Transfer Oil S2 209L ; 1030370 ; tambor
Gadus S1 A150 2 180K ; 1055498 ; tambor
Krynex K4 OAT 50% 209L ; 1060989 ; tambor
GADINIA OIL 30 208,1L ; 1087531 ; tambor
Air Tool Oil S2 A 320 208,1L ; 1087531 ; tambor
Gadinia S3 40 208,1L ; 1087531 ; tambor
Spirax S4 CX 10W  208,1L ; 1102358 ; tambor
Spirax S4 CX 30 208,1L ; 1102358 ; tambor
Morlina S2 B 150 208,1L ; 1103762 ; tambor
Krynex K5 OAT 50% 209L ; 1105819 ; tambor
Helix HX5 SN 20W50 209LT ; 1118150 ; tambor
Argina S3 40 208,1L ; 1130815 ; tambor
Argina S3 30 208,1L ; 1130815 ; tambor
Morlina S2 B 460 209L ; 1139782 ; tambor
Tellus S2 VX 15 208,1L ; 1142989 ; tambor
Morlina S2 BL 10 208,1L ; 1191685 ; tambor
Spirax S3 AX 80W-90 209L ; 1198197 ; tambor
Rimula R5 LE 10W-30 209L ; 1210162 ; tambor
Refrig Oil S2 FRA68 208,1L ; 1222588 ; tambor
Gadus S2 V220 1 180K ; 1227353 ; tambor
Krynex Glyco Ultra50/50 209 L ; 1232160 ; tambor
Krynex K6 Ultra 50% 209L ; 1232160 ; tambor
Spirax S4 CX 50 208,1L ; 1233591 ; tambor
Spirax S2 ATF D2 208,1L ; 1251956 ; tambor
Spirax S2 ALS 85W-140 208,1L ; 1253282 ; tambor
SHELL Helix HX7 SP 10W40 209LT ; 1283260 ; tambor
Spirax S3 ATF MD3 208,1L ; 1318834 ; tambor
Omala S2 GX 320 208,1L ; 1325597 ; tambor
Spirax S3 G 80W 208,1L ; 1347239 ; tambor
GADINIA AL 40 208,1L ; 1352650 ; tambor
Omala S2 GX 220 208,1L ; 1361104 ; tambor
Spirax S2 ALS 80W-90 208,1L ; 1375697 ; tambor
Helix HX5 SN 15W40 209LT ; 1383320 ; tambor
Argina S4 40 208,1L ; 1462215 ; tambor
SHELL Corena S3 R 46 208,1L ; 1476469 ; tambor
SHELL Corena S2 P 100 208,1L ; 1400000 ; tambor
Rimula R5 LE 10W40 209L ; 1506576 ; tambor
Gadus S2 V100 3 180K ; 1538573 ; tambor
Helix HX8 Pro AG 5W30 209L ; 1594409 ; tambor
Diala S4 ZX-I 209L ; 1203330 ; tambor
TURBO OIL T 68 208,1 ; 1628591 ; tambor
Rimula R6 M 10W-40/Tambor 209 ; 1644830 ; tambor
TURBO OIL T 46 208,1 ; 1663759 ; tambor
TURBO OIL T 32 208,1L ; 1663759 ; tambor
Helix HX8 ECT 5W30 209L ; 1672575 ; tambor
Mysella S5 N 40 208,1L ; 1666000 ; tambor
ALEXIA S4 208,1L ; 1709750 ; tambor
Rimula R6 LM 10W-40/Tambor 209 ; 1741858 ; tambor
Krynex K6 Ultra 100% 209L ; 1948089 ; tambor
Krynex K5 OAT 100% 209L ; 2017373 ; tambor
Spirax S4 ATF HDX 209LT ; 2098883 ; tambor
Gadus S2 V220AC 2 180K ; 2155860 ; tambor
Helix Ultra Pro AG 5W30 209L ; 2268956 ; tambor
Spirax S4 AT 75W-90 209LT ; 2306733 ; tambor
Rhenus EA 25 S 180KG ; 2345850 ; tambor
Turbo S4 GX 46 208,1L ; 2399601 ; tambor
Turbo S4 GX 32 208,1L ; 2399601 ; tambor
Spirax S6 ATF ZM 209L ; 2426281 ; tambor
Gadus S1 OG 1600 180K ; 2464965 ; tambor
Rhenus FS 71 190KG ; 2520944 ; tambor
Spirax S6 ATF A295 208,1L ; 2554662 ; tambor
Gadus S2 V220AD 2 180K ; 2559713 ; tambor
Rimula Ultra 5W30 209L ; 2670785 ; tambor
Spirax S6 AXME 80W140 208,1L ; 2818923 ; tambor
Spirax S6 AXME 75W90 209L ; 2872522 ; tambor
Tellus S2 MX 68 975L ; 2912569 ; tambor
Gadus S3 V220C 2 180K ; 2914763 ; tambor
AEROSHELL W 100 208,1LT ; 3006265 ; tambor
Spirax S5 CFD M 60 208,1L ; 3373171 ; tambor
Gadus S2 V30KXD 1 180K ; 3379838 ; tambor
Rimula R4 X 15W-40 975L ; 3393731 ; tambor
Rhenus ACN 2 180KG ; 3401775 ; tambor
Gadus S3 V460D 2 180K ; 3559725 ; tambor
Gadus S3 V460D 1 180K ; 3588975 ; tambor
Helix Ultra 5W40 209LT ; 3647573 ; tambor
IRUS C 208,1L ; 3653846 ; tambor
Rhenus ABC 2 180KG ; 3752775 ; tambor
Spirax S6 ADME 75W90 209L ; 4498333 ; tambor
Gadus S3 V460XD 1 180K ; 4611263 ; tambor
Gadus S3 V460XD 2 180K ; 4611263 ; tambor
Spirax S6 AXME 75W140 209L ; 4753052 ; tambor
Gadus S2 OG 85 190 KG ; 4811869 ; tambor
Gadus S2 OG 80 190 KG ; 4811869 ; tambor
Gadus S2 OG 50 190 KG ; 4811869 ; tambor
Gadus S2 OG 50 204 KG ; 5166428 ; tambor
Refrigeration Oil S4FRV68 209L ; 5282867 ; tambor
Transmission MA 75W-90 209 L ; 5323152 ; tambor
Omala S3 GP 220 209L ; 5687021 ; tambor
Spirax S4 CX 50 975L ; 5738119 ; tambor
Omala S4 GXV 220 208,1L ; 5995621 ; tambor
SHELL Omala S4 GXV 320 208,1L ; 6163012 ; tambor
Omala S4 Wheel 220 208,1L ; 6222190 ; tambor
Gadus S3 T220 2 180K ; 6258000 ; tambor
Omala S4 GXV 150 208,1L ; 6377745 ; tambor
SHELL Omala S4 Wheel 320 208,1L ; 6396344 ; tambor
Omala S4 Wheel 460 208,1L ; 6518082 ; tambor
Omala S4 Wheel 680 208,1L ; 6518082 ; tambor
Gadus S4 OG Multi-S 1 180 KG ; 6863513 ; tambor
Naturelle HF-E 46 209L ; 6955520 ; tambor
Naturelle HF-E 68 209L ; 6955520 ; tambor
Omala S4 GXV 460 208,1L ; 7067596 ; tambor
SHELL Corena S4 R 46 208,1L ; 7163973 ; tambor
Corena S4 R 32 208,1L ; 7163973 ; tambor
CARTER SH 320            208L   TOT C ; 1905882 ; tambor
DACNIS SH 68             208L   TOT C ; 1587500 ; tambor
RUBIA S 10W              208L   TOT   CL ; 0 ; tambor
HYDRANSAFE HFC 146       208L   TOT C1 ; 0 ; tambor
MULTIS EP 2              180K    TOT   AR ; 0 ; tambor
ADBLUE                   200L   TOT   CL ; 0 ; tambor
RUBIA FLEET HD 400 20W50 208L   TOT   CL ; 575000 ; tambor
TRANS. GEAR 7 80W85      208L   TOT   CL ; 0 ; tambor
TRAX. AXLE 7 85W140      208L   TOT   CL ; 0 ; tambor
CLASSIC 5 SL SAE 10W40   208L   TOT   CL ; 0 ; tambor
TOTAL HYDRAULIC AW 68 208L CL ; 355000 ; tambor
HYDRAULIC AW 46          208L   TOT   CL ; 385198 ; tambor
COOLTECH SUPRAPERF -37C  208L   TOT   CL ; 490015 ; tambor
TOTAL AZOLLA ZS 68 208L CL ; 460000 ; tambor
TOTAL AZOLLA ZS 46, 208L, CL ; 593640 ; tambor
AZOLLA ZS 32             208L   TOT   CL ; 527519 ; tambor
TOTAL RUBIA TIR 7400 15W40, 208L CL ; 516250 ; tambor
TOTAL RUBIA WORKS 208 LT ; 532500 ; tambor
SERIOLA ETA 32           208L   TOT   CL ; 557125 ; tambor
RUBIA 4400 20W50       208L TOT ; 568750 ; tambor
PRESLIA 68               208L   TOT  1CL ; 573114 ; tambor
RUBIA 4400 15W40       208L TOT ; 585500 ; tambor
TOTAL CARTER EP 150 208L CL ; 588750 ; tambor
CARTER EP 220            208L   TOT   CL ; 588750 ; tambor
PNEUMA 100               208L   TOT   CL ; 605820 ; tambor
EQUIVIS ZS 68            208L   TOT   CL ; 568000 ; tambor
EQUIVIS ZS 46            208L   TOT   CL ; 611125 ; tambor
TRANS. AXLE 7 80W90      208L   TOT   CL ; 614288 ; tambor
FINAVESTAN A 80 B        208L   TOT C1 ; 616535 ; tambor
EQUIVIS ZS 32            208LP   TOT   CL ; 616681 ; tambor
FLUIDE IID               208L   TOT   CL ; 618873 ; tambor
RUBIA OPT.1100 15W40     208L   TOT   CL ; 579000 ; tambor
AZOLLA ZS 100            208L   TOT   CL ; 628546 ; tambor
TOTAL DACNIS 46, 208L ; 631250 ; tambor
RUBIA 7900 15W40       208L TOT ; 640965 ; tambor
PRESLIA 32               208L   TOT   CL ; 650000 ; tambor
TOTAL CARTER EP 320, 208L CL ; 686250 ; tambor
MULTIS EP2            180K TOT ; 688768 ; tambor
TRANS. AXLE 7 85W140      208L   TOT   CL ; 689943 ; tambor
FLUIDE G3          208 L TOT ; 714715 ; tambor
FLUIDMATIC D3            208L   TOT C ; 745640 ; tambor
DYNATRANS MPX            208L   TOT   CL ; 747916 ; tambor
CARTER EP 680            208L    TOT C ; 837500 ; tambor
LACTUCA LT 3000, 208 LT ; 1246250 ; tambor
NEVASTANE EP 100         55GAL  TOT C US ; 1662500 ; tambor
DACNIS SH 32             208L    TOT C ; 1762500 ; tambor
CARTER SY 460      208L    TOT ; 2001940 ; tambor
Nevastane EP 320, 208 LT ; 2087500 ; tambor
CARTER SH 220            208L   TOT C ; 2100000 ; tambor
NEVASTANE ANTIFREEZE     205L   TOT C ; 2126250 ; tambor
NEVASTANE CHAIN OIL XT   208L   TOT C ; 4125000 ; tambor
CARTER EP 100            208L   TOT   CL ; 731429 ; tambor
Nevastane EP 320, 208 LT ; 2087500 ; tambor
DACNIS SH 46, 208L, TOTAL C ; 1725000 ; tambor
Desengrasante Dieléctrico Anticorrosivo DESDIEL 41 208lts ; 625000 ; tambor
RUBIA SX30 TAMBOR ; 555000 ; tambor
TAMBOR 208 LTS VACÍO ; 6000 ; tambor
MULTIS COMPLEX HV 2      180K   TOT   MX ; 1213750 ; tambor
Desengrasante Dieléctrico Anticorrosivo DESDIEL 41 20lts ; 66500 ; tambor
PROSYLVA CHAIN EXPERT Tambor 208Lts ; 457000 ; tambor
PRO EMULSIFICANTE 208 L ; 558600 ; tambor
